method,brier,logloss
ARA (alpha=1.61803),0.23295761843134208,0.6571186797520687
data-only (xd),0.2311637339272083,0.6667982759422603
mean pool,0.23580992687195373,0.6743471241104697
log pool,0.24275507909327443,0.7022565811899162
extremized mean,0.25147163654577814,0.748215849979527
intuition-only (xi),0.28958581724566584,0.8884752119688107
