method,brier,logloss
ARA (alpha=1.61803),0.21132440201598668,0.6106758394585243
mean pool,0.21167571199512958,0.6113626166668334
log pool,0.21210713379387922,0.61273457802256
intuition-only (xi),0.2183743940214544,0.629453465529754
data-only (xd),0.21897579445284934,0.6308658776065704
extremized mean,0.221063329286602,0.6499072440143282
